County Name,State Name,Confirmed,New,Death,Fatality Rate,Latitude,Longitude,Last Update,STATEFP,COUNTYFP,Population Estimate 2018 (Ths.),Infection Rate
New York,New York,463,134,7+2,1.5%,40.71455,-74.00714,2020-03-16 23:13 EDT,36,061,68.02,6.806821523081447
Westchester,New York,220,24,0,0%,41.16319759,-73.7560629,2020-03-16 23:13 EDT,36,119,27.97,7.865570253843404
Nassau,New York,109,11,0,0%,40.74165225,-73.58899619,2020-03-16 23:13 EDT,36,059,20.48,5.322265625
Suffolk,New York,74,27,2+2,2.7%,40.87732808,-72.85898036,2020-03-16 23:13 EDT,36,103,29.24,2.53077975376197
Rockland,New York,16,3,1,6.3%,41.152374,-74.02401032,2020-03-16 23:13 EDT,36,087,6.95,2.302158273381295
Albany,New York,15,4,0,0%,42.65155,-73.75520999999998,2020-03-16 23:13 EDT,36,001,17.58,0.8532423208191127
Monroe,New York,11,1,0,0%,43.14604282,-77.69674911,2020-03-16 23:13 EDT,36,055,25.92,0.4243827160493827
Orange,New York,11,5,0,0%,41.40206825,-74.30559567,2020-03-16 23:13 EDT,36,071,11.27,0.9760425909494232
Dutchess,New York,10,3,0,0%,41.76477515,-73.74281684,2020-03-16 23:13 EDT,36,027,19.66,0.508646998982706
Ulster,New York,7,2,0,0%,41.95986,-73.99033,2020-03-16 23:13 EDT,36,111,11.82,0.5922165820642978
Erie,New York,7,0,0,0%,42.76382119,-78.73224973,2020-03-16 23:13 EDT,36,029,27.67,0.2529815684857246
Saratoga,New York,5,2,0,0%,43.06974,-73.63661,2020-03-16 23:13 EDT,36,091,3.4,1.4705882352941178
Schenectady,New York,4,2,0,0%,42.81238,-73.94122,2020-03-16 23:13 EDT,36,093,4.58,0.8733624454148472
Tompkins,New York,2,1,0,0%,42.44933495,-76.47064359,2020-03-16 23:13 EDT,36,109,13.09,0.15278838808250572
Putnam,New York,2,0,0,0%,41.42653455,-73.7494999,2020-03-16 23:13 EDT,36,079,2.58,0.7751937984496123
Greene,New York,2,0,0,0%,42.27654571,-74.12261588,2020-03-16 23:13 EDT,36,039,3.21,0.6230529595015576
Allegany,New York,2,0,0,0%,42.25739788,-78.02755444,2020-03-16 23:13 EDT,36,003,4.27,0.468384074941452
Onondaga,New York,2,2,0,0%,43.00487,-76.1836,2020-03-16 23:13 EDT,36,067,17.03,0.11743981209630064
Delaware,New York,1,0,0,0%,42.19804334,-74.96635196,2020-03-16 23:13 EDT,36,025,2.41,0.41493775933609955
Herkimer,New York,1,0,0,0%,43.0259,-74.98433,2020-03-16 23:13 EDT,36,043,1.4,0.7142857142857143
Broome,New York,1,0,0,0%,42.16021802,-75.81964586,2020-03-16 23:13 EDT,36,007,10.92,0.09157509157509157
Tioga,New York,1,0,0,0%,42.06057,-76.34519,2020-03-16 23:13 EDT,36,107,0.52,1.923076923076923
Montgomery,New York,1,0,0,0%,42.90229179999999,-74.43960085,2020-03-16 23:13 EDT,36,057,0.92,1.0869565217391304
Ontario,New York,1,1,0,0%,42.85288942,-77.29981098,2020-03-16 23:13 EDT,36,069,3.24,0.30864197530864196
Clinton,New York,1,1,0,0%,43.048250000000046,-75.37877999999995,2020-03-16 23:13 EDT,36,019,6.64,0.15060240963855423
King,Washington,488,68,43+6,8.8%,47.49011813,-121.8043324,2020-03-16 23:13 EDT,53,033,38.77,12.587051844209439
Snohomish,Washington,200,24,4,2%,47.9124,-122.09306,2020-03-16 23:13 EDT,53,061,9.98,20.04008016032064
Pierce,Washington,38,9,0,0%,47.02270813,-122.1014408,2020-03-16 23:13 EDT,53,053,17.44,2.1788990825688073
Grant,Washington,7,4,1,14.3%,47.19885794,-119.4525987,2020-03-16 23:13 EDT,53,025,1.23,5.691056910569106
Kitsap,Washington,7,4,0,0%,47.47496219,-122.6085325,2020-03-16 23:13 EDT,53,035,9.3,0.7526881720430108
Skagit,Washington,7,3,0,0%,48.47933023,-121.7280802,2020-03-16 23:13 EDT,53,057,1.63,4.294478527607362
Island,Washington,7,1,0,0%,48.19160936,-122.6650075,2020-03-16 23:13 EDT,53,029,1.94,3.6082474226804124
Clark,Washington,4,1,0,0%,45.78187331,-122.4812785,2020-03-16 23:13 EDT,53,011,3.43,1.1661807580174925
Thurston,Washington,4,1,0,0%,46.91980578,-122.82986909999998,2020-03-16 23:13 EDT,53,067,4.1,0.9756097560975611
Yakima,Washington,4,0,0,0%,46.60448,-120.50721,2020-03-16 23:13 EDT,53,077,3.51,1.1396011396011396
Jefferson,Washington,3,0,0,0%,47.74810608,-123.6000095,2020-03-16 23:13 EDT,53,031,0.63,4.761904761904762
Kittitas,Washington,3,0,0,0%,46.98472,-120.41752,2020-03-16 23:13 EDT,53,037,2.62,1.1450381679389312
Whatcom,Washington,3,0,0,0%,48.82559702,-121.7174182,2020-03-16 23:13 EDT,53,073,5.72,0.5244755244755245
Spokane,Washington,3,0,0,0%,47.65726,-117.41228,2020-03-16 23:13 EDT,53,063,14.28,0.21008403361344538
Grays Harbor,Washington,1,0,0,0%,47.15055235,-123.7737432,2020-03-16 23:13 EDT,53,027,2.7,0.37037037037037035
Columbia,Washington,1,0,0,0%,46.29757684,-117.9078634,2020-03-16 23:13 EDT,53,013,0.08,12.5
Lincoln,Washington,1,0,0,0%,47.57305061,-118.4177041,2020-03-16 23:13 EDT,53,043,0.09,11.11111111111111
Cowlitz,Washington,1,0,0,0%,46.19454048,-122.6783272,2020-03-16 23:13 EDT,53,015,1.21,0.8264462809917356
Lewis,Washington,1,1,0,0%,46.57779491,-122.3929158,2020-03-16 23:13 EDT,53,041,0.94,1.0638297872340425
Santa Clara,California,138,24,4+2,2.9%,37.35579,-121.95508999999998,2020-03-16 23:13 EDT,06,085,30.98,4.454486765655261
Los Angeles,California,94,25,1,1.1%,34.053490000000004,-118.24532,2020-03-16 23:13 EDT,06,037,178.33,0.5271126563113329
San Diego,California,55,20,0,0%,32.71568,-117.16171,2020-03-16 23:13 EDT,06,073,108.14,0.5085999630109118
San Mateo,California,41,10,1,2.4%,37.54704,-122.31485,2020-03-16 23:13 EDT,06,081,8.82,4.648526077097506
San Francisco,California,40,3,0,0%,37.77712,-122.41964,2020-03-16 23:13 EDT,06,075,24.24,1.6501650165016504
Contra Costa,California,34,0,0,0%,37.91793732,-121.9259354,2020-03-16 23:13 EDT,06,013,10.61,3.2045240339302548
Sacramento,California,33,1,2+1,6.1%,38.57944000000001,-121.49085,2020-03-16 23:13 EDT,06,067,22.16,1.4891696750902528
Orange,California,22,5,0,0%,33.78787,-117.85071,2020-03-16 23:13 EDT,06,059,44.93,0.48965056754952146
Alameda,California,18,3,0,0%,37.76683,-122.2453,2020-03-16 23:13 EDT,06,001,36.42,0.4942339373970346
Riverside,California,15,1,2+2,13.3%,33.98171,-117.37404,2020-03-16 23:13 EDT,06,065,33.32,0.4501800720288115
Santa Cruz,California,9,2,0,0%,36.97424,-122.03098,2020-03-16 23:13 EDT,06,087,14.05,0.6405693950177935
Marin,California,9,0,0,0%,38.07188727,-122.7195348,2020-03-16 23:13 EDT,06,041,8.22,1.094890510948905
San Joaquin,California,8,0,0,0%,37.93479557,-121.2713112,2020-03-16 23:13 EDT,06,077,15.02,0.5326231691078562
Solano,California,7,0,0,0%,38.27793363,-121.9272405,2020-03-16 23:13 EDT,06,095,11.4,0.6140350877192983
Sonoma,California,5,0,0,0%,38.29188,-122.45728,2020-03-16 23:13 EDT,06,097,10.92,0.45787545787545786
Placer,California,5,0,1,20%,39.05913563,-120.7536328,2020-03-16 23:13 EDT,06,061,3.96,1.2626262626262625
Ventura,California,4,0,0,0%,34.28082,-119.29232,2020-03-16 23:13 EDT,06,111,11.37,0.3518029903254178
San Benito,California,3,0,0,0%,36.50506,-121.08332,2020-03-16 23:13 EDT,06,069,0.29,10.344827586206897
Stanislaus,California,3,1,0,0%,37.55932622,-120.9976619,2020-03-16 23:13 EDT,06,099,6.46,0.46439628482972134
San Luis Obispo,California,3,1,0,0%,35.28579000000001,-120.66275,2020-03-16 23:13 EDT,06,079,16.23,0.18484288354898337
Yolo,California,2,0,0,0%,38.73431,-121.81279,2020-03-16 23:13 EDT,06,113,10.17,0.19665683382497542
Fresno,California,2,1,0,0%,36.74084000000001,-119.78552,2020-03-16 23:13 EDT,06,019,16.96,0.11792452830188678
Calaveras,California,2,0,0,0%,38.20473567,-120.5540655,2020-03-16 23:13 EDT,06,009,0.49,4.081632653061225
Tulare,California,2,0,0,0%,36.20649,-119.34305,2020-03-16 23:13 EDT,06,107,5.05,0.39603960396039606
Imperial,California,2,0,0,0%,32.84748,-115.56952,2020-03-16 23:13 EDT,06,025,9.05,0.22099447513812154
Humboldt,California,1,0,0,0%,40.69879803,-123.8737147,2020-03-16 23:13 EDT,06,023,5.55,0.1801801801801802
Madera,California,1,0,0,0%,36.96205,-120.06399,2020-03-16 23:13 EDT,06,039,7.91,0.1264222503160556
Shasta,California,1,0,0,0%,40.59828,-122.49095,2020-03-16 23:13 EDT,06,089,2.83,0.35335689045936397
San Bernardino,California,1,0,0,0%,34.10524,-117.29412,2020-03-16 23:13 EDT,06,071,37.61,0.026588673225206062
Santa Barbara,California,1,0,0,0%,34.41938,-119.69905,2020-03-16 23:13 EDT,06,083,19.63,0.05094243504839532
Nevada,California,1,1,0,0%,34.06589,-117.21746,2020-03-16 23:13 EDT,06,057,1.18,0.8474576271186441
Middlesex,Massachusetts,83,8,0,0%,42.48559407,-71.3917913,2020-03-16 23:13 EDT,25,017,56.81,1.4610103854955112
Suffolk,Massachusetts,36,5,0,0%,42.33189157,-71.07537429,2020-03-16 23:13 EDT,25,025,50.68,0.7103393843725335
Norfolk,Massachusetts,36,5,0,0%,42.11941,-71.33083,2020-03-16 23:13 EDT,25,021,17.05,2.1114369501466275
Berkshire,Massachusetts,11,2,0,0%,42.51105,-73.19426,2020-03-16 23:13 EDT,25,003,5.89,1.867572156196944
Essex,Massachusetts,8,2,0,0%,42.63251,-70.78113,2020-03-16 23:13 EDT,25,009,19.53,0.40962621607782895
Worcester,Massachusetts,6,0,0,0%,42.26341,-71.80219,2020-03-16 23:13 EDT,25,027,28.28,0.21216407355021216
Plymouth,Massachusetts,3,2,0,0%,41.92808,-70.6568,2020-03-16 23:13 EDT,25,023,11.37,0.2638522427440633
Bristol,Massachusetts,2,1,0,0%,41.79836956,-71.11428121,2020-03-16 23:13 EDT,25,005,15.52,0.1288659793814433
Barnstable,Massachusetts,1,0,0,0%,41.70194,-70.30442,2020-03-16 23:13 EDT,25,001,4.11,0.24330900243309
Hampden,Massachusetts,1,0,0,0%,42.06363,-72.41645,2020-03-16 23:13 EDT,25,013,15.13,0.06609385327164573
Bergen,New Jersey,61,32,2+1,3.3%,40.95949149,-74.074442,2020-03-16 23:13 EDT,34,003,10.44,5.842911877394636
Hudson,New Jersey,20,8,0,0%,40.74034231,-74.07410970000002,2020-03-16 23:13 EDT,34,017,9.48,2.109704641350211
Essex,New Jersey,20,9,0,0%,40.78779259,-74.24760059,2020-03-16 23:13 EDT,34,013,23.48,0.8517887563884157
Middlesex,New Jersey,17,0,0,0%,40.57936,-74.50067,2020-03-16 23:13 EDT,34,023,23.36,0.7277397260273972
Monmouth,New Jersey,14,2,1,7.1%,40.2600411,-74.22194634,2020-03-16 23:13 EDT,34,025,6.78,2.0648967551622417
Passaic,New Jersey,8,3,0,0%,40.86034,-74.12374,2020-03-16 23:13 EDT,34,031,10.23,0.7820136852394917
Union,New Jersey,8,4,0,0%,40.69635,-74.26957,2020-03-16 23:13 EDT,34,039,6.56,1.2195121951219512
Morris,New Jersey,6,2,0,0%,40.86201902,-74.5442741,2020-03-16 23:13 EDT,34,027,8.57,0.7001166861143524
Mercer,New Jersey,6,5,0,0%,40.28331911,-74.70157374,2020-03-16 23:13 EDT,34,021,20.37,0.29455081001472755
Burlington,New Jersey,5,0,0,0%,40.07687,-74.85775,2020-03-16 23:13 EDT,34,005,11.74,0.42589437819420783
Somerset,New Jersey,5,0,0,0%,40.49859,-74.52249,2020-03-16 23:13 EDT,34,035,5.28,0.9469696969696969
Camden,New Jersey,3,1,0,0%,39.94525,-75.11913,2020-03-16 23:13 EDT,34,007,7.5,0.4
Ocean,New Jersey,3,0,0,0%,39.90927434,-74.2969653,2020-03-16 23:13 EDT,34,029,6.88,0.436046511627907
Hunterdon,New Jersey,1,0,0,0%,40.56725317,-74.91217921,2020-03-16 23:13 EDT,34,019,3.68,0.2717391304347826
Broward,Florida,39,3,0,0%,26.15224542,-80.48705340000002,2020-03-16 23:13 EDT,12,011,16.3,2.392638036809816
Miami-Dade,Florida,23,10,0,0%,25.61418208,-80.5679083,2020-03-16 23:13 EDT,12,086,42.23,0.5446365143263083
Palm Beach,Florida,8,3,0,0%,26.70288,-80.03661,2020-03-16 23:13 EDT,12,099,21.63,0.3698566805362922
Volusia,Florida,7,2,0,0%,29.16934,-81.52251,2020-03-16 23:13 EDT,12,127,14.43,0.4851004851004851
Collier,Florida,6,1,0,0%,26.11625563,-81.34013334,2020-03-16 23:13 EDT,12,021,4.55,1.3186813186813187
Manatee,Florida,5,1,0,0%,27.49643,-82.53954,2020-03-16 23:13 EDT,12,081,4.81,1.0395010395010396
Hillsborough,Florida,5,1,0,0%,27.93023096,-82.30785534,2020-03-16 23:13 EDT,12,057,22.98,0.2175805047867711
Duval,Florida,5,1,0,0%,30.47844000000001,-81.62557,2020-03-16 23:13 EDT,12,031,20.81,0.2402691013935608
Lee,Florida,4,0,2,50%,26.57965162,-81.82468531,2020-03-16 23:13 EDT,12,071,8.48,0.4716981132075471
Pinellas,Florida,4,2,0,0%,27.9313392,-82.72194025,2020-03-16 23:13 EDT,12,103,19.85,0.20151133501259444
Seminole,Florida,4,3,0,0%,28.71700144,-81.23632262,2020-03-16 23:13 EDT,12,117,3.51,1.1396011396011396
Osceola,Florida,4,3,0,0%,28.06812578,-81.14519655,2020-03-16 23:13 EDT,12,097,3.25,1.2307692307692308
Clay,Florida,3,0,0,0%,29.98305516,-81.85778209,2020-03-16 23:13 EDT,12,019,1.25,2.4
Orange,Florida,3,1,1,33.3%,41.33141,-74.35667,2020-03-16 23:13 EDT,12,095,35.27,0.08505812305075133
Sarasota,Florida,3,2,0,0%,27.33889000000001,-82.53886999999997,2020-03-16 23:13 EDT,12,115,5.94,0.505050505050505
Pasco,Florida,2,0,0,0%,28.32453,-82.33624,2020-03-16 23:13 EDT,12,101,5.81,0.34423407917383825
Alachua,Florida,2,1,0,0%,29.79309000000001,-82.49428,2020-03-16 23:13 EDT,12,001,14.49,0.13802622498274672
St. Johns,Florida,2,1,0,0%,30.12051,-81.62536,2020-03-16 23:13 EDT,12,109,3.04,0.6578947368421053
Santa Rosa,Florida,1,0,1,100%,30.73147611,-87.01761385,2020-03-16 23:13 EDT,12,113,6.04,0.16556291390728478
Charlotte,Florida,1,0,0,0%,26.90848328,-81.90343918,2020-03-16 23:13 EDT,12,015,3.17,0.31545741324921134
Okaloosa,Florida,1,0,0,0%,30.70702353,-86.59650821,2020-03-16 23:13 EDT,12,091,4.72,0.21186440677966104
Nassau,Florida,1,0,0,0%,30.61077673,-81.80173997,2020-03-16 23:13 EDT,12,089,0.54,1.8518518518518516
Citrus,Florida,1,0,0,0%,28.8507789,-82.46594866,2020-03-16 23:13 EDT,12,017,2.25,0.4444444444444444
Escambia,Florida,1,1,0,0%,30.70048477500007,-87.37722153999994,2020-03-16 23:13 EDT,12,033,17.84,0.05605381165919283
Brevard,Florida,1,1,0,0%,28.293484186000057,-80.73235631099999,2020-03-16 23:13 EDT,12,009,6.72,0.1488095238095238
Denver,Colorado,25,0,0,0%,39.74001,-104.99202,2020-03-16 23:13 EDT,08,031,16.31,1.5328019619865114
Eagle,Colorado,24,0,0,0%,39.65565,-106.82788,2020-03-16 23:13 EDT,08,037,0.08,300.0
Arapahoe,Colorado,15,0,0,0%,39.64976719,-104.3392044,2020-03-16 23:13 EDT,08,005,4.3,3.488372093023256
Jefferson,Colorado,12,0,0,0%,39.58643164,-105.2504022,2020-03-16 23:13 EDT,08,059,8.76,1.36986301369863
Pitkin,Colorado,11,0,0,0%,39.21712515,-106.9167355,2020-03-16 23:13 EDT,08,097,0.07,157.14285714285714
Douglas,Colorado,8,0,0,0%,39.32966642,-104.9295706,2020-03-16 23:13 EDT,08,035,0.63,12.698412698412698
Gunnison,Colorado,8,0,0,0%,38.54526,-106.92692,2020-03-16 23:13 EDT,08,051,1.1,7.2727272727272725
Boulder,Colorado,7,0,0,0%,40.01574,-105.27924,2020-03-16 23:13 EDT,08,013,11.63,0.6018916595012898
Adams,Colorado,6,0,0,0%,39.87375914,-104.3366349,2020-03-16 23:13 EDT,08,001,4.46,1.345291479820628
Weld,Colorado,5,0,0,0%,40.55477273,-104.3924353,2020-03-16 23:13 EDT,08,123,4.95,1.0101010101010102
El Paso,Colorado,4,0,1,25%,38.83212691,-104.5255141,2020-03-16 23:13 EDT,08,041,20.3,0.19704433497536944
Summit,Colorado,1,0,0,0%,39.6341694,-106.1163607,2020-03-16 23:13 EDT,08,117,0.27,3.7037037037037033
Larimer,Colorado,1,0,0,0%,40.66645245,-105.4609363,2020-03-16 23:13 EDT,08,069,9.37,0.10672358591248667
Pueblo,Colorado,1,0,0,0%,38.26375,-104.61252,2020-03-16 23:13 EDT,08,101,4.51,0.22172949002217296
Routt,Colorado,1,0,0,0%,40.48499792,-106.9912189,2020-03-16 23:13 EDT,08,107,0.34,2.941176470588235
Mesa,Colorado,1,0,0,0%,39.16616,-108.13889,2020-03-16 23:13 EDT,08,077,4.66,0.2145922746781116
Garfield,Colorado,1,0,0,0%,39.59922654,-107.9040019,2020-03-16 23:13 EDT,08,045,0.88,1.1363636363636365
Clear Creek,Colorado,1,0,0,0%,39.68905313,-105.6443322,2020-03-16 23:13 EDT,08,019,0.08,12.5
Orleans,Louisiana,79,5,3+1,3.8%,30.03843182,-89.90055149,2020-03-16 23:13 EDT,22,071,13.45,5.873605947955391
Jefferson,Louisiana,16,2,0,0%,29.9596,-90.17182,2020-03-16 23:13 EDT,22,051,3.31,4.833836858006042
St. Tammany,Louisiana,5,1,0,0%,30.39408,-89.89506999999998,2020-03-16 23:13 EDT,22,103,1.28,3.90625
Caddo,Louisiana,3,1,0,0%,32.75632,-93.97374,2020-03-16 23:13 EDT,22,017,6.25,0.48
St. Charles,Louisiana,3,0,0,0%,29.9052798,-90.3824403,2020-03-16 23:13 EDT,22,089,0.59,5.084745762711865
Terrebonne,Louisiana,3,1,0,0%,29.43006669,-90.87546183,2020-03-16 23:13 EDT,22,109,1.48,2.027027027027027
Lafourche,Louisiana,2,1,0,0%,29.765290000000004,-90.76881,2020-03-16 23:13 EDT,22,057,1.63,1.2269938650306749
Bossier,Louisiana,1,0,0,0%,32.67886191,-93.60531071,2020-03-16 23:13 EDT,22,015,2.55,0.3921568627450981
St. John the Baptist,Louisiana,1,0,0,0%,30.07866499,-90.54541322,2020-03-16 23:13 EDT,22,095,0.47,2.127659574468085
St. Bernard,Louisiana,1,0,0,0%,29.86715,-89.85868,2020-03-16 23:13 EDT,22,087,0.29,3.4482758620689657
Ascension,Louisiana,1,1,0,0%,30.20549338,-90.9088583,2020-03-16 23:13 EDT,22,005,0.79,1.2658227848101264
Fulton,Georgia,27,7,0,0%,33.79024066,-84.46711002,2020-03-16 23:13 EDT,13,121,34.25,0.7883211678832117
Cobb,Georgia,22,3,1,4.5%,33.9414802,-84.57663741,2020-03-16 23:13 EDT,13,067,9.33,2.357984994640943
DeKalb,Georgia,10,0,0,0%,33.77153731,-84.22646531,2020-03-16 23:13 EDT,13,089,11.52,0.8680555555555556
Bartow,Georgia,9,0,0,0%,34.23764397,-84.84072940000001,2020-03-16 23:13 EDT,13,015,0.98,9.183673469387756
Cherokee,Georgia,7,0,0,0%,34.24398966,-84.47624414,2020-03-16 23:13 EDT,13,057,1.73,4.046242774566474
Dougherty,Georgia,6,0,0,0%,31.53332494,-84.21629439,2020-03-16 23:13 EDT,13,095,6.92,0.8670520231213873
Gwinnett,Georgia,5,0,0,0%,33.96118879,-84.0235873,2020-03-16 23:13 EDT,13,135,5.57,0.8976660682226212
Fayette,Georgia,5,0,0,0%,33.413909100000005,-84.49427247,2020-03-16 23:13 EDT,13,113,0.46,10.869565217391305
Clayton,Georgia,5,0,0,0%,33.54197299,-84.35769948,2020-03-16 23:13 EDT,13,063,4.7,1.0638297872340425
Floyd,Georgia,4,0,0,0%,34.26324245,-85.21452762,2020-03-16 23:13 EDT,13,115,3.76,1.0638297872340425
Lowndes,Georgia,3,0,0,0%,30.83362831,-83.26769554,2020-03-16 23:13 EDT,13,185,5.99,0.5008347245409015
Clarke,Georgia,3,0,0,0%,33.95110572,-83.36741217,2020-03-16 23:13 EDT,13,059,10.11,0.2967359050445104
Lee,Georgia,2,0,0,0%,31.77959716,-84.14088023,2020-03-16 23:13 EDT,13,177,0.93,2.150537634408602
Gordon,Georgia,2,0,0,0%,34.50319646,-84.87587883,2020-03-16 23:13 EDT,13,129,0.65,3.0769230769230766
Coweta,Georgia,2,0,0,0%,33.35360269,-84.76336691,2020-03-16 23:13 EDT,13,077,0.59,3.3898305084745766
Henry,Georgia,2,0,0,0%,33.45301628,-84.15426282,2020-03-16 23:13 EDT,13,151,0.97,2.061855670103093
Polk,Georgia,1,0,0,0%,34.00168812,-85.18810974,2020-03-16 23:13 EDT,13,233,0.64,1.5625
Charlton,Georgia,1,0,0,0%,30.78171091,-82.13776476,2020-03-16 23:13 EDT,13,049,2.23,0.4484304932735426
Newton,Georgia,1,0,0,0%,33.55500659,-83.8502182,2020-03-16 23:13 EDT,13,217,1.63,0.6134969325153374
Troup,Georgia,1,0,0,0%,33.03351893,-85.02826168,2020-03-16 23:13 EDT,13,285,2.52,0.3968253968253968
Forsyth,Georgia,1,0,0,0%,33.03419,-83.93894,2020-03-16 23:13 EDT,13,117,0.67,1.4925373134328357
Hall,Georgia,1,0,0,0%,34.32041152,-83.81043541,2020-03-16 23:13 EDT,13,139,2.76,0.3623188405797102
Paulding,Georgia,1,0,0,0%,33.92042456,-84.8672012,2020-03-16 23:13 EDT,13,223,0.47,2.127659574468085
Cook,Illinois,73,9,0,0%,41.84014932,-87.81682325,2020-03-16 23:13 EDT,17,031,90.99,0.8022859654907133
Lake,Illinois,4,0,0,0%,42.32327645,-88.00353452,2020-03-16 23:13 EDT,17,097,18.67,0.2142474558114622
Kane,Illinois,3,0,0,0%,41.93887565,-88.42863925,2020-03-16 23:13 EDT,17,089,6.81,0.4405286343612335
DuPage,Illinois,3,2,0,0%,41.85194049,-88.08561127,2020-03-16 23:13 EDT,17,043,12.83,0.2338269680436477
McHenry,Illinois,2,0,0,0%,42.32621,-88.26731,2020-03-16 23:13 EDT,17,111,1.65,1.2121212121212122
St. Clair,Illinois,2,0,0,0%,38.46996471,-89.92749975,2020-03-16 23:13 EDT,17,163,4.56,0.4385964912280702
Sangamon,Illinois,2,0,0,0%,39.75815792,-89.65888740000004,2020-03-16 23:13 EDT,17,167,4.02,0.49751243781094534
Woodford,Illinois,1,0,0,0%,40.84437,-89.02781,2020-03-16 23:13 EDT,17,203,1.01,0.9900990099009901
Cumberland,Illinois,1,0,0,0%,39.27332831,-88.24016822,2020-03-16 23:13 EDT,17,035,0.12,8.333333333333334
Champaign,Illinois,1,0,0,0%,40.1142,-88.2435,2020-03-16 23:13 EDT,17,019,16.4,0.06097560975609757
Will,Illinois,1,1,0,0%,41.44505655,-87.97865231,2020-03-16 23:13 EDT,17,197,8.74,0.11441647597254004
Dallas,Texas,19,5,0,0%,32.778220000000005,-96.79512,2020-03-16 23:13 EDT,48,113,32.33,0.5876894525208785
Harris,Texas,13,0,0,0%,29.85762795,-95.39311138,2020-03-16 23:13 EDT,48,201,48.64,0.26726973684210525
Travis,Texas,10,4,0,0%,30.33462266,-97.78218981,2020-03-16 23:13 EDT,48,453,22.84,0.43782837127845886
Fort Bend,Texas,9,0,0,0%,29.52745252,-95.77065084,2020-03-16 23:13 EDT,48,157,5.12,1.7578125
Collin,Texas,8,0,0,0%,33.1968,-96.80393,2020-03-16 23:13 EDT,48,085,4.39,1.8223234624145788
Tarrant,Texas,5,1,0,0%,32.8173,-97.07655,2020-03-16 23:13 EDT,48,439,24.35,0.2053388090349076
Montgomery,Texas,4,0,0,0%,30.38862,-95.69633,2020-03-16 23:13 EDT,48,339,3.2,1.25
Smith,Texas,4,0,0,0%,32.37505601,-95.26910259,2020-03-16 23:13 EDT,48,423,4.8,0.8333333333333334
Bexar,Texas,3,0,0,0%,29.44892069,-98.5200077,2020-03-16 23:13 EDT,48,029,42.26,0.07098911500236631
El Paso,Texas,3,1,0,0%,31.75916,-106.48749,2020-03-16 23:13 EDT,48,141,16.46,0.18226002430133656
Hays,Texas,3,2,0,0%,30.11817000000001,-97.87222,2020-03-16 23:13 EDT,48,209,7.79,0.3851091142490372
Bell,Texas,2,1,0,0%,31.03765881,-97.47807382,2020-03-16 23:13 EDT,48,027,9.48,0.21097046413502107
Brazoria,Texas,2,0,0,0%,29.04971,-95.562,2020-03-16 23:13 EDT,48,039,10.45,0.19138755980861244
Gregg,Texas,1,0,0,0%,32.48062462,-94.81699103,2020-03-16 23:13 EDT,48,183,4.07,0.24570024570024568
Lavaca,Texas,1,0,0,0%,29.38432888,-96.93010975,2020-03-16 23:13 EDT,48,285,0.42,2.380952380952381
Galveston,Texas,1,0,0,0%,29.29532,-94.80791,2020-03-16 23:13 EDT,48,167,4.99,0.2004008016032064
Matagorda,Texas,1,0,0,0%,28.69123,-95.96755,2020-03-16 23:13 EDT,48,321,0.37,2.7027027027027026
Denton,Texas,1,0,0,0%,33.216590000000004,-97.13162,2020-03-16 23:13 EDT,48,121,11.48,0.08710801393728222
Bowie,Texas,1,1,0,0%,33.5594,-97.84837,2020-03-16 23:13 EDT,48,037,6.2,0.16129032258064516
Montgomery,Pennsylvania,30,6,0,0%,40.21089424,-75.36736378,2020-03-16 23:13 EDT,42,091,21.66,1.3850415512465375
Philadelphia,Pennsylvania,10,2,0,0%,39.95222,-75.16218,2020-03-16 23:13 EDT,42,101,56.54,0.17686593562079944
Monroe,Pennsylvania,8,2,0,0%,41.05811592,-75.33939791,2020-03-16 23:13 EDT,42,089,4.51,1.7738359201773837
Delaware,Pennsylvania,7,0,0,0%,39.9167251,-75.39898556,2020-03-16 23:13 EDT,42,045,22.69,0.3085059497576024
Allegheny,Pennsylvania,6,2,0,0%,40.45082,-80.01615,2020-03-16 23:13 EDT,42,003,35.1,0.17094017094017094
Bucks,Pennsylvania,5,1,0,0%,40.33694044,-75.10679406,2020-03-16 23:13 EDT,42,017,8.04,0.6218905472636816
Cumberland,Pennsylvania,5,0,0,0%,40.16367663,-77.26538073,2020-03-16 23:13 EDT,42,041,12.25,0.40816326530612246
Chester,Pennsylvania,2,0,0,0%,39.97320372,-75.74845154,2020-03-16 23:13 EDT,42,029,13.5,0.14814814814814814
Wayne,Pennsylvania,1,0,0,0%,41.64878798,-75.30324861,2020-03-16 23:13 EDT,42,127,3.73,0.2680965147453083
Northampton,Pennsylvania,1,0,0,0%,40.6836,-75.49108000000003,2020-03-16 23:13 EDT,42,095,11.25,0.08888888888888889
Pike,Pennsylvania,1,0,0,0%,41.33202501,-75.03382353,2020-03-16 23:13 EDT,42,103,0.48,2.0833333333333335
Washington,Pennsylvania,1,0,0,0%,40.16752,-80.24648,2020-03-16 23:13 EDT,42,125,5.49,0.18214936247723132
Lehigh,Pennsylvania,1,0,0,0%,40.61265671,-75.59232058,2020-03-16 23:13 EDT,42,077,9.14,0.10940919037199125
Luzerne,Pennsylvania,1,0,0,0%,41.28669,-75.90272,2020-03-16 23:13 EDT,42,079,11.9,0.08403361344537814
Beaver,Pennsylvania,1,1,0,0%,40.69640000000004,-80.30195999999995,2020-03-16 23:13 EDT,42,007,3.17,0.31545741324921134
Oakland,Michigan,14,0,0,0%,42.74214,-83.16174000000002,2020-03-16 23:13 EDT,26,125,13.24,1.0574018126888218
Wayne,Michigan,14,0,0,0%,42.28515,-83.3836,2020-03-16 23:13 EDT,26,163,22.72,0.6161971830985916
Washtenaw,Michigan,7,0,0,0%,42.25322942,-83.83877634,2020-03-16 23:13 EDT,26,161,22.6,0.30973451327433627
Macomb,Michigan,6,1,0,0%,42.69565,-82.92171,2020-03-16 23:13 EDT,26,099,7.52,0.797872340425532
Kent,Michigan,5,0,0,0%,43.03216204,-85.54929822,2020-03-16 23:13 EDT,26,081,11.54,0.43327556325823224
St. Clair,Michigan,2,0,0,0%,42.83189,-82.50220999999998,2020-03-16 23:13 EDT,26,147,2,1.0
Ingham,Michigan,2,1,0,0%,42.59709245,-84.37353421,2020-03-16 23:13 EDT,26,065,17.19,0.11634671320535193
Montcalm,Michigan,1,0,0,0%,43.31095473,-85.1525018,2020-03-16 23:13 EDT,26,117,3.06,0.32679738562091504
Bay,Michigan,1,0,0,0%,43.70732889,-83.99203709,2020-03-16 23:13 EDT,26,017,1.44,0.6944444444444444
Charlevoix,Michigan,1,0,0,0%,45.31653,-85.26071999999998,2020-03-16 23:13 EDT,26,029,0.28,3.571428571428571
Monroe,Michigan,1,0,0,0%,41.91606,-83.3979,2020-03-16 23:13 EDT,26,115,1.46,0.684931506849315
Ottawa,Michigan,1,0,0,0%,42.96071229,-85.99516567,2020-03-16 23:13 EDT,26,139,9.07,0.11025358324145534
Hennepin,Minnesota,22,10,0,0%,45.00575776,-93.4749321,2020-03-16 23:13 EDT,27,053,25.92,0.8487654320987654
Ramsey,Minnesota,10,2,0,0%,45.01812241,-93.09961678,2020-03-16 23:13 EDT,27,123,17.44,0.573394495412844
Dakota,Minnesota,5,2,0,0%,44.67098069,-93.06667775,2020-03-16 23:13 EDT,27,037,2.82,1.773049645390071
Anoka,Minnesota,3,1,0,0%,45.19833,-93.38997,2020-03-16 23:13 EDT,27,003,2.96,1.0135135135135136
Olmsted,Minnesota,3,1,0,0%,44.00379942,-92.40181819,2020-03-16 23:13 EDT,27,109,2.37,1.2658227848101264
Stearns,Minnesota,3,0,0,0%,45.55209682,-94.61375674,2020-03-16 23:13 EDT,27,145,7.29,0.411522633744856
Washington,Minnesota,2,1,0,0%,45.04110113,-92.88337857,2020-03-16 23:13 EDT,27,163,3.55,0.5633802816901409
Carver,Minnesota,1,0,0,0%,44.76325,-93.62524,2020-03-16 23:13 EDT,27,019,0.88,1.1363636363636365
Wright,Minnesota,1,0,0,0%,45.17344199,-93.9635579,2020-03-16 23:13 EDT,27,171,1.11,0.9009009009009008
Renville,Minnesota,1,0,0,0%,44.78921,-95.21243,2020-03-16 23:13 EDT,27,129,0.34,2.941176470588235
Waseca,Minnesota,1,0,0,0%,44.07804,-93.50742,2020-03-16 23:13 EDT,27,161,0.96,1.0416666666666667
Benton,Minnesota,1,1,0,0%,44.77609,-93.78113,2020-03-16 23:13 EDT,27,009,1.05,0.9523809523809523
Davidson,Tennessee,25,8,0,0%,36.16956079999999,-86.78475676,2020-03-16 23:13 EDT,47,037,26.43,0.9458948164964056
Williamson,Tennessee,18,4,0,0%,35.89382673,-86.89863959,2020-03-16 23:13 EDT,47,187,1.15,15.65217391304348
Shelby,Tennessee,2,0,0,0%,31.95656,-94.31826,2020-03-16 23:13 EDT,47,157,18.24,0.10964912280701755
Sullivan,Tennessee,1,0,0,0%,36.51280182,-82.30449503,2020-03-16 23:13 EDT,47,163,2.63,0.3802281368821293
Knox,Tennessee,1,0,0,0%,35.9956069,-83.93465204,2020-03-16 23:13 EDT,47,093,12.38,0.08077544426494346
Hamilton,Tennessee,1,0,0,0%,35.17932044,-85.16684143,2020-03-16 23:13 EDT,47,065,9.82,0.10183299389002036
Jefferson,Tennessee,1,0,0,0%,36.05717538,-83.45179448,2020-03-16 23:13 EDT,47,089,1.5,0.6666666666666666
Rutherford,Tennessee,1,0,0,0%,35.84274327,-86.41675248,2020-03-16 23:13 EDT,47,149,5.1,0.19607843137254904
Campbell,Tennessee,1,0,0,0%,36.40345626,-84.14936087,2020-03-16 23:13 EDT,47,013,0.52,1.923076923076923
Sevier,Tennessee,1,1,0,0%,35.78406841,-83.52422241,2020-03-16 23:13 EDT,47,155,0.98,1.0204081632653061
Fairfax,Virginia,10,0,0,0%,38.84179,-77.30887,2020-03-16 23:13 EDT,51,059,10.62,0.9416195856873824
James City,Virginia,10,2,1,10%,37.31327387,-76.77335259,2020-03-16 23:13 EDT,51,095,1.14,8.771929824561404
Arlington,Virginia,9,1,0,0%,38.8905,-77.08629,2020-03-16 23:13 EDT,51,013,2.88,3.125
Loudoun,Virginia,5,0,0,0%,39.09069908,-77.63564793,2020-03-16 23:13 EDT,51,107,1.7,2.9411764705882355
Prince William,Virginia,3,0,0,0%,38.7024474,-77.4800235,2020-03-16 23:13 EDT,51,153,2.7,1.111111111111111
Chesterfield,Virginia,2,1,0,0%,37.37756,-77.50816999999998,2020-03-16 23:13 EDT,51,041,4.56,0.4385964912280702
Spotsylvania,Virginia,1,0,0,0%,38.20174,-77.58855,2020-03-16 23:13 EDT,51,177,0.52,1.923076923076923
Hanover,Virginia,1,0,0,0%,37.76881,-77.37109,2020-03-16 23:13 EDT,51,085,1.95,0.5128205128205129
Prince Edward,Virginia,1,0,0,0%,37.22429738,-78.44105653,2020-03-16 23:13 EDT,51,147,4.05,0.2469135802469136
Stafford,Virginia,1,1,0,0%,38.423460000000034,-77.40815999999995,2020-03-16 23:13 EDT,51,179,3.46,0.28901734104046245
Henrico,Virginia,1,1,0,0%,36.59272,-78.61649,2020-03-16 23:13 EDT,51,087,2.75,0.36363636363636365
York,Virginia,0,0,1+1,Infinity%,37.24188617,-76.55913612,2020-03-16 23:13 EDT,51,199,0.65,0.0
Cuyahoga,Ohio,24,10,0,0%,41.42441485,-81.65858169,2020-03-16 23:13 EDT,39,035,29.96,0.8010680907877169
Butler,Ohio,6,0,0,0%,39.43863845,-84.57616769,2020-03-16 23:13 EDT,39,017,11.77,0.5097706032285472
Stark,Ohio,3,0,0,0%,40.81390964,-81.3656565,2020-03-16 23:13 EDT,39,151,8.84,0.3393665158371041
Franklin,Ohio,3,0,0,0%,39.96947128,-83.00933072,2020-03-16 23:13 EDT,39,049,30.78,0.09746588693957114
Lorain,Ohio,3,1,0,0%,41.4682,-82.17815,2020-03-16 23:13 EDT,39,093,8.62,0.3480278422273782
Trumbull,Ohio,2,0,0,0%,41.31706712,-80.7611827,2020-03-16 23:13 EDT,39,155,3.14,0.6369426751592356
Belmont,Ohio,2,0,0,0%,40.02955,-81.03891,2020-03-16 23:13 EDT,39,013,3.83,0.5221932114882506
Summit,Ohio,2,0,0,0%,41.12591572,-81.53218826,2020-03-16 23:13 EDT,39,153,10.35,0.1932367149758454
Medina,Ohio,2,1,0,0%,41.14042,-81.86402,2020-03-16 23:13 EDT,39,103,1.2,1.6666666666666667
Lucas,Ohio,1,0,0,0%,41.61985841,-83.65977665,2020-03-16 23:13 EDT,39,095,9.82,0.10183299389002036
Tuscarawas,Ohio,1,0,0,0%,40.39758,-81.40727,2020-03-16 23:13 EDT,39,157,1.25,0.8
Geauga,Ohio,1,1,0,0%,41.49954507,-81.17858376,2020-03-16 23:13 EDT,39,055,0.86,1.1627906976744187
Milwaukee,Wisconsin,13,6,0,0%,43.042,-87.90687,2020-03-16 23:13 EDT,55,079,22.85,0.5689277899343544
Fond du Lac,Wisconsin,11,0,0,0%,43.77302,-88.44709,2020-03-16 23:13 EDT,55,039,3.54,3.1073446327683616
Dane,Wisconsin,10,4,0,0%,43.2509,-89.51829000000002,2020-03-16 23:13 EDT,55,025,12.8,0.78125
Waukesha,Wisconsin,3,0,0,0%,43.01458,-88.23548000000002,2020-03-16 23:13 EDT,55,133,5.52,0.5434782608695653
Sheboygan,Wisconsin,3,0,0,0%,43.74978,-87.71343,2020-03-16 23:13 EDT,55,117,2.79,1.075268817204301
Winnebago,Wisconsin,3,2,0,0%,44.07516,-88.52521999999998,2020-03-16 23:13 EDT,55,139,7.62,0.39370078740157477
Pierce,Wisconsin,1,0,0,0%,44.72273325,-92.42192317,2020-03-16 23:13 EDT,55,093,2.78,0.3597122302158274
Racine,Wisconsin,1,0,0,0%,42.72564000000001,-87.78955,2020-03-16 23:13 EDT,55,101,5,0.2
Wood,Wisconsin,1,0,0,0%,44.47523,-90.16062,2020-03-16 23:13 EDT,55,141,0.78,1.282051282051282
Outagamie,Wisconsin,1,1,0,0%,44.41615179,-88.46497822,2020-03-16 23:13 EDT,55,087,2.97,0.33670033670033667
Kenosha,Wisconsin,1,1,0,0%,42.58808,-87.82326,2020-03-16 23:13 EDT,55,059,4.39,0.22779043280182235
Washington,Oregon,14,1,0,0%,45.56005965,-123.098408,2020-03-16 23:13 EDT,41,067,7.35,1.9047619047619049
Linn,Oregon,10,0,0,0%,44.4887414,-122.5343983,2020-03-16 23:13 EDT,41,043,1.08,9.25925925925926
Deschutes,Oregon,6,2,0,0%,44.15924,-121.25967,2020-03-16 23:13 EDT,41,017,1.38,4.347826086956522
Marion,Oregon,3,1,0,0%,44.75045,-122.94052,2020-03-16 23:13 EDT,41,047,10.76,0.2788104089219331
Jackson,Oregon,2,0,0,0%,42.4321189,-122.7284862,2020-03-16 23:13 EDT,41,029,3.63,0.5509641873278237
Umatilla,Oregon,2,0,0,0%,45.91768,-119.34203,2020-03-16 23:13 EDT,41,059,4.19,0.477326968973747
Multnomah,Oregon,2,1,1,50%,45.46975,-122.70562,2020-03-16 23:13 EDT,41,051,19.04,0.10504201680672269
Clackamas,Oregon,2,1,0,0%,45.41211,-122.56909,2020-03-16 23:13 EDT,41,005,2.92,0.684931506849315
Klamath,Oregon,1,0,0,0%,42.69219137,-121.6433518,2020-03-16 23:13 EDT,41,035,1.03,0.970873786407767
Douglas,Oregon,1,0,0,0%,43.27977096,-123.1664872,2020-03-16 23:13 EDT,41,019,1.82,0.5494505494505494
Polk,Oregon,1,0,0,0%,44.90373452,-123.4127777,2020-03-16 23:13 EDT,41,053,1.84,0.5434782608695652
Yamhill,Oregon,1,0,0,0%,45.34037,-123.18787,2020-03-16 23:13 EDT,41,071,5.43,0.1841620626151013
Clark,Nevada,35,19,1+1,2.9%,36.21709974,-115.0246913,2020-03-16 23:13 EDT,32,003,22.98,1.5230635335073976
Washoe,Nevada,9,0,0,0%,40.68696023,-119.665991,2020-03-16 23:13 EDT,32,031,5.31,1.6949152542372883
Montgomery,Maryland,15,3,0,0%,39.13636819,-77.20403165,2020-03-16 23:13 EDT,24,031,9.01,1.6648168701442843
Prince George's,Maryland,10,0,0,0%,38.82838616,-76.84587073,2020-03-16 23:13 EDT,24,033,20.01,0.4997501249375312
Baltimore,Maryland,4,0,0,0%,39.29058,-76.60925999999998,2020-03-16 23:13 EDT,24,005,21.42,0.18674136321195142
Howard,Maryland,4,3,0,0%,39.25112784,-76.9312584,2020-03-16 23:13 EDT,24,027,1.69,2.366863905325444
Harford,Maryland,2,0,0,0%,39.55444035,-76.31583955,2020-03-16 23:13 EDT,24,025,2.75,0.7272727272727273
Charles,Maryland,1,0,0,0%,38.47410423,-77.01286707,2020-03-16 23:13 EDT,24,017,1.41,0.7092198581560284
Anne Arundel,Maryland,1,0,0,0%,39.00889701,-76.60328627,2020-03-16 23:13 EDT,24,003,14.99,0.066711140760507
Carroll,Maryland,1,0,0,0%,39.5629588,-77.02246566,2020-03-16 23:13 EDT,24,013,3.37,0.29673590504451036
Talbot,Maryland,1,0,0,0%,38.75926446,-76.11366953,2020-03-16 23:13 EDT,24,041,0.37,2.7027027027027026
Frederick,Maryland,1,1,0,0%,39.41574,-77.41203,2020-03-16 23:13 EDT,24,021,4.35,0.2298850574712644
Wake,North Carolina,15,1,0,0%,35.79010846,-78.65039764,2020-03-16 23:13 EDT,37,183,21.8,0.6880733944954128
Mecklenburg,North Carolina,7,3,0,0%,35.24147789,-80.83080552,2020-03-16 23:13 EDT,37,119,17.48,0.40045766590389015
Harnett,North Carolina,4,2,0,0%,35.34117,-78.78837,2020-03-16 23:13 EDT,37,085,3.39,1.1799410029498525
Forsyth,North Carolina,2,0,0,0%,36.13053703,-80.25630221,2020-03-16 23:13 EDT,37,067,10.8,0.18518518518518517
Johnston,North Carolina,2,0,0,0%,35.51765595,-78.36573857,2020-03-16 23:13 EDT,37,101,1.71,1.1695906432748537
Chatham,North Carolina,1,0,0,0%,35.70262985,-79.25541576,2020-03-16 23:13 EDT,37,037,0.76,1.3157894736842106
Durham,North Carolina,1,0,0,0%,35.99542,-78.89644,2020-03-16 23:13 EDT,37,063,13.91,0.07189072609633357
Cabarrus,North Carolina,1,0,0,0%,35.2372,-80.5423,2020-03-16 23:13 EDT,37,025,1.36,0.7352941176470588
Onslow,North Carolina,1,0,0,0%,34.73346891,-77.42966411,2020-03-16 23:13 EDT,37,133,21.38,0.046772684752104776
Wayne,North Carolina,1,0,0,0%,35.36376229,-78.0041603,2020-03-16 23:13 EDT,37,191,2.31,0.4329004329004329
Brunswick,North Carolina,1,0,0,0%,34.07059384,-78.23749682,2020-03-16 23:13 EDT,37,019,0.84,1.1904761904761905
Craven,North Carolina,1,0,0,0%,35.11728658,-77.08247035,2020-03-16 23:13 EDT,37,049,5.44,0.1838235294117647
Watauga,North Carolina,1,0,0,0%,36.23101355,-81.69645582,2020-03-16 23:13 EDT,37,189,5.9,0.1694915254237288
Wilson,North Carolina,1,0,0,0%,35.72196,-77.91637,2020-03-16 23:13 EDT,37,195,1.51,0.6622516556291391
Iredell,North Carolina,1,1,0,0%,33.93323000000004,-78.59111999999998,2020-03-16 23:13 EDT,37,097,1.24,0.8064516129032259
Fairfield,Connecticut,29,13,0,0%,41.16633,-73.22876,2020-03-16 23:13 EDT,09,001,19.6,1.4795918367346939
Litchfield,Connecticut,4,1,0,0%,41.74626,-73.18895,2020-03-16 23:13 EDT,09,005,2.47,1.6194331983805668
Hartford,Connecticut,4,1,0,0%,41.76375,-72.67394,2020-03-16 23:13 EDT,09,003,26.01,0.15378700499807765
New Haven,Connecticut,4,0,0,0%,41.30801,-72.92432,2020-03-16 23:13 EDT,09,009,29.66,0.13486176668914363
Salt Lake,Utah,16,2,0,0%,40.76031,-111.88822,2020-03-16 23:13 EDT,49,035,14.85,1.0774410774410774
Davis,Utah,4,1,0,0%,40.99973617,-111.9800051,2020-03-16 23:13 EDT,49,011,3.07,1.3029315960912053
Summit,Utah,4,2,0,0%,40.86809857,-110.9558464,2020-03-16 23:13 EDT,49,043,0.11,36.36363636363637
Tooele,Utah,1,1,0,0%,40.53408,-112.29849,2020-03-16 23:13 EDT,49,045,0.32,3.125
Wasatch,Utah,1,1,0,0%,40.3304771,-111.1683986,2020-03-16 23:13 EDT,49,051,0.25,4.0
Kershaw,South Carolina,15,1,0,0%,34.33892207,-80.59029602,2020-03-16 23:13 EDT,45,055,0.4,37.5
Beaufort,South Carolina,3,0,0,0%,32.43119,-80.66993000000002,2020-03-16 23:13 EDT,45,013,5.53,0.5424954792043399
Horry,South Carolina,3,0,0,0%,33.93188,-79.1347,2020-03-16 23:13 EDT,45,051,3.83,0.783289817232376
Lancaster,South Carolina,2,0,0,0%,34.72096,-80.77112,2020-03-16 23:13 EDT,45,057,1.98,1.0101010101010102
Lexington,South Carolina,2,1,1+1,50%,33.98105,-81.23595,2020-03-16 23:13 EDT,45,063,2.34,0.8547008547008548
Anderson,South Carolina,2,0,0,0%,34.500609999999995,-82.64962,2020-03-16 23:13 EDT,45,007,2.95,0.6779661016949152
Charleston,South Carolina,1,0,0,0%,32.78115,-79.9316,2020-03-16 23:13 EDT,45,019,10.86,0.09208103130755065
Spartanburg,South Carolina,1,0,0,0%,34.94838,-81.93494,2020-03-16 23:13 EDT,45,083,8.27,0.12091898428053205
Greenville,South Carolina,1,0,0,0%,34.84827,-82.40011,2020-03-16 23:13 EDT,45,045,10.94,0.09140767824497258
Georgetown,South Carolina,1,1,0,0%,33.36830000000003,-79.28074999999995,2020-03-16 23:13 EDT,45,043,0.55,1.8181818181818181
Jefferson,Alabama,17,5,0,0%,33.55427371,-86.89648912,2020-03-16 23:13 EDT,01,073,16.69,1.0185739964050329
Tuscaloosa,Alabama,3,0,0,0%,33.21042,-87.56625,2020-03-16 23:13 EDT,01,125,10.56,0.28409090909090906
Shelby,Alabama,3,1,0,0%,33.113,-86.58361,2020-03-16 23:13 EDT,01,117,2.51,1.1952191235059761
Montgomery,Alabama,2,1,0,0%,32.38015,-86.30008000000002,2020-03-16 23:13 EDT,01,101,9.12,0.2192982456140351
Elmore,Alabama,1,0,0,0%,32.54165,-86.31093,2020-03-16 23:13 EDT,01,051,5.02,0.19920318725099603
Limestone,Alabama,1,0,0,0%,34.81489201,-86.97728456,2020-03-16 23:13 EDT,01,083,2.7,0.37037037037037035
Baldwin,Alabama,1,0,0,0%,30.73589116,-87.72352514,2020-03-16 23:13 EDT,01,003,2.19,0.4566210045662101
Lee,Alabama,1,0,0,0%,32.60103513,-85.35548613,2020-03-16 23:13 EDT,01,081,4.96,0.20161290322580647
Marion,Indiana,7,1,1+1,14.3%,39.78174364,-86.13841490000001,2020-03-16 23:13 EDT,18,097,16.47,0.4250151791135398
Hendricks,Indiana,3,1,0,0%,39.76945435,-86.50994965,2020-03-16 23:13 EDT,18,063,4.05,0.7407407407407408
Johnson,Indiana,3,0,0,0%,39.48998224,-86.10160833,2020-03-16 23:13 EDT,18,081,2.45,1.2244897959183672
Howard,Indiana,2,1,0,0%,40.48359609,-86.11686027,2020-03-16 23:13 EDT,18,067,1.28,1.5625
Noble,Indiana,1,0,0,0%,41.39858246,-85.41743879,2020-03-16 23:13 EDT,18,113,0.81,1.2345679012345678
Adams,Indiana,1,0,0,0%,40.74565068,-84.93663421,2020-03-16 23:13 EDT,18,001,0.42,2.380952380952381
Boone,Indiana,1,0,0,0%,40.05074486,-86.46869878,2020-03-16 23:13 EDT,18,011,0.57,1.7543859649122808
St. Joseph,Indiana,1,0,0,0%,41.61672009,-86.28991117,2020-03-16 23:13 EDT,18,141,11.34,0.08818342151675485
Hancock,Indiana,1,0,0,0%,39.82353217,-85.77322257,2020-03-16 23:13 EDT,18,059,0.65,1.5384615384615383
Wells,Indiana,1,0,0,0%,40.72919489,-85.22121595,2020-03-16 23:13 EDT,18,179,0.47,2.127659574468085
LaPorte,Indiana,1,0,0,0%,41.6106,-86.72251999999996,2020-03-16 23:13 EDT,18,091,6.35,0.15748031496062992
Hamilton,Indiana,1,0,0,0%,40.07251369,-86.05201795,2020-03-16 23:13 EDT,18,057,1.87,0.53475935828877
Floyd,Indiana,1,0,0,0%,38.3189831,-85.90692978,2020-03-16 23:13 EDT,18,043,1.33,0.7518796992481203
Bartholomew,Indiana,1,1,0,0%,39.20594992,-85.8975923,2020-03-16 23:13 EDT,18,005,1.15,0.8695652173913044
Fayette,Kentucky,7,2,0,0%,38.04227216,-84.45868673,2020-03-16 23:13 EDT,21,067,13.13,0.5331302361005331
Jefferson,Kentucky,7,1,0,0%,38.18589024,-85.65499484,2020-03-16 23:13 EDT,21,111,16.63,0.4209260372820205
Harrison,Kentucky,6,0,0,0%,38.44174035,-84.33140447,2020-03-16 23:13 EDT,21,097,0.28,21.428571428571427
Montgomery,Kentucky,2,1,0,0%,38.03347158,-83.91302990000001,2020-03-16 23:13 EDT,21,173,0.36,5.555555555555555
Nelson,Kentucky,1,0,0,0%,37.80507638,-85.46597155,2020-03-16 23:13 EDT,21,179,0.5,2.0
Clark,Kentucky,1,0,0,0%,37.97082287,-84.14733588,2020-03-16 23:13 EDT,21,049,0.46,2.1739130434782608
Bourbon,Kentucky,1,1,1+1,100%,38.20667946,-84.21713594,2020-03-16 23:13 EDT,21,017,0.24,4.166666666666667
Johnson,Iowa,15,0,0,0%,41.67149574,-91.58805417,2020-03-16 23:13 EDT,19,103,8.51,1.7626321974148063
Dallas,Iowa,2,1,0,0%,41.68481683,-94.03976204,2020-03-16 23:13 EDT,19,049,0.68,2.941176470588235
Allamakee,Iowa,2,0,0,0%,43.28531816,-91.3847131,2020-03-16 23:13 EDT,19,005,0.23,8.695652173913043
Pottawattamie,Iowa,1,0,0,0%,41.33665838,-95.54141965,2020-03-16 23:13 EDT,19,155,2.12,0.4716981132075471
Carroll,Iowa,1,0,0,0%,42.06585,-94.86793,2020-03-16 23:13 EDT,19,027,0.41,2.4390243902439024
Harrison,Iowa,1,0,0,0%,41.683014,-95.81552401,2020-03-16 23:13 EDT,19,085,0.28,3.571428571428571
Polk,Iowa,1,0,0,0%,41.68541161,-93.57344237,2020-03-16 23:13 EDT,19,153,9.47,0.10559662090813093
Jefferson,Arkansas,3,0,0,0%,34.37911,-92.16608,2020-03-16 23:13 EDT,05,069,5.4,0.5555555555555555
Providence,Rhode Island,21,1,0,0%,41.82387,-71.41199,2020-03-16 23:13 EDT,44,007,26.39,0.7957559681697612
Bernalillo,New Mexico,14,4,0,0%,35.05128463,-106.6703125,2020-03-16 23:13 EDT,35,001,11.91,1.1754827875734677
Santa Fe,New Mexico,3,0,0,0%,35.69168,-105.93796,2020-03-16 23:13 EDT,35,049,2.63,1.1406844106463878
Socorro,New Mexico,2,0,0,0%,34.060140000000004,-106.89187,2020-03-16 23:13 EDT,35,053,0.58,3.4482758620689657
Sandoval,New Mexico,2,0,0,0%,35.68878872,-106.8666133,2020-03-16 23:13 EDT,35,043,0.76,2.6315789473684212
Maricopa,Arizona,8,4,0,0%,33.348824699999994,-112.4912788,2020-03-16 23:13 EDT,04,013,65.23,0.12264295569523224
Pinal,Arizona,5,0,0,0%,32.90431973,-111.3447647,2020-03-16 23:13 EDT,04,021,25.31,0.19755037534571318
Pima,Arizona,4,1,0,0%,32.09727123,-111.7897671,2020-03-16 23:13 EDT,04,019,25.28,0.1582278481012658
Graham,Arizona,1,0,0,0%,32.87449,-109.74198,2020-03-16 23:13 EDT,04,009,2.71,0.36900369003690037
Douglas,Nebraska,16,0,0,0%,41.29535164,-96.1553341,2020-03-16 23:13 EDT,31,055,12.6,1.2698412698412698
Knox,Nebraska,1,0,0,0%,42.63165456,-97.89463638,2020-03-16 23:13 EDT,31,107,0.22,4.545454545454546
Cass,Nebraska,1,0,0,0%,40.90975787,-96.14136094,2020-03-16 23:13 EDT,31,025,0.27,3.7037037037037033
Rockingham,New Hampshire,10,1,0,0%,43.04954,-70.93216,2020-03-16 23:13 EDT,33,015,2.5,4.0
Grafton,New Hampshire,5,2,0,0%,43.56212,-71.95114000000002,2020-03-16 23:13 EDT,33,009,7.1,0.7042253521126761
Hillsborough,New Hampshire,1,0,0,0%,43.1443,-71.93271999999997,2020-03-16 23:13 EDT,33,011,7.76,0.1288659793814433
Carroll,New Hampshire,1,1,0,0%,44.29787,-71.54184000000002,2020-03-16 23:13 EDT,33,003,0.44,2.272727272727273
Cumberland,Maine,13,5,0,0%,43.79028,-70.24611999999999,2020-03-16 23:13 EDT,23,005,9.18,1.4161220043572986
Lincoln,Maine,2,0,0,0%,44.07018534,-69.54387103,2020-03-16 23:13 EDT,23,015,0.5,4.0
Androscoggin,Maine,1,0,0,0%,44.16587609,-70.20645861,2020-03-16 23:13 EDT,23,001,2.88,0.3472222222222222
Chittenden,Vermont,4,2,0,0%,44.45799511,-73.05404973,2020-03-16 23:13 EDT,50,007,10.14,0.3944773175542406
Bennington,Vermont,3,1,0,0%,42.87672,-73.19818000000002,2020-03-16 23:13 EDT,50,003,1.43,2.097902097902098
Windsor,Vermont,3,0,0,0%,43.48115,-72.38580999999998,2020-03-16 23:13 EDT,50,027,0.82,3.658536585365854
Washington,Vermont,1,0,0,0%,44.27344561,-72.61485925,2020-03-16 23:13 EDT,50,023,2.41,0.41493775933609955
Orange,Vermont,1,1,0,0%,44.14854,-72.40233,2020-03-16 23:13 EDT,50,017,0.73,1.36986301369863
Forrest,Mississippi,3,0,0,0%,31.18883949,-89.25783485,2020-03-16 23:13 EDT,28,035,2.92,1.0273972602739727
Pearl River,Mississippi,2,1,0,0%,30.7685434,-89.58975736,2020-03-16 23:13 EDT,28,109,1.36,1.4705882352941175
Copiah,Mississippi,2,0,0,0%,31.8693204,-90.44885969,2020-03-16 23:13 EDT,28,029,1.03,1.941747572815534
Hinds,Mississippi,2,0,0,0%,32.26676751,-90.4426253,2020-03-16 23:13 EDT,28,049,9.61,0.20811654526534862
Leflore,Mississippi,1,0,0,0%,33.55052797,-90.30106536,2020-03-16 23:13 EDT,28,083,1.49,0.6711409395973155
Hancock,Mississippi,1,0,0,0%,30.416343800000003,-89.48879815,2020-03-16 23:13 EDT,28,045,0.55,1.8181818181818181
Monroe,Mississippi,1,1,0,0%,33.89226612,-88.48051389,2020-03-16 23:13 EDT,28,095,0.41,2.4390243902439024
Johnson,Kansas,8,2,0,0%,38.88377293,-94.82222518,2020-03-16 23:13 EDT,20,091,5.16,1.5503875968992247
Wyandotte,Kansas,1,0,1,100%,39.11407013,-94.76524274,2020-03-16 23:13 EDT,20,209,1.34,0.7462686567164178
Butler,Kansas,1,0,0,0%,37.78128093,-96.83903083,2020-03-16 23:13 EDT,20,015,2.3,0.4347826086956522
Franklin,Kansas,1,0,0,0%,38.56451748,-95.28594053,2020-03-16 23:13 EDT,20,059,0.48,2.0833333333333335
Tulsa,Oklahoma,3,0,0,0%,36.15011,-95.99352,2020-03-16 23:13 EDT,40,143,9.86,0.30425963488843816
Cleveland,Oklahoma,2,1,0,0%,35.20309375,-97.32639069,2020-03-16 23:13 EDT,40,027,10.55,0.1895734597156398
Jackson,Oklahoma,1,0,0,0%,34.5866254,-99.41604727,2020-03-16 23:13 EDT,40,065,0.69,1.4492753623188408
Oklahoma,Oklahoma,1,0,0,0%,35.58268395,-97.50859936,2020-03-16 23:13 EDT,40,109,15,0.06666666666666667
Payne,Oklahoma,1,0,0,0%,36.07732714,-96.9757817,2020-03-16 23:13 EDT,40,119,7.79,0.12836970474967907
Kay,Oklahoma,1,1,0,0%,36.81800612,-97.14387074,2020-03-16 23:13 EDT,40,071,1.27,0.7874015748031495
Canadian,Oklahoma,1,1,0,0%,35.54258124,-97.98256476,2020-03-16 23:13 EDT,40,017,2.48,0.40322580645161293
Honolulu,Hawaii,6,2,0,0%,21.30493,-157.85788,2020-03-16 23:13 EDT,15,003,35.94,0.1669449081803005
Kauai,Hawaii,2,0,0,0%,22.0825024,-159.7275965,2020-03-16 23:13 EDT,15,007,1.19,1.680672268907563
Maui,Hawaii,2,1,0,0%,20.85953512,-156.5646068,2020-03-16 23:13 EDT,15,009,2.81,0.7117437722419929
Minnehaha,South Dakota,4,1,0,0%,43.67417757,-96.79142458,2020-03-16 23:13 EDT,46,099,6.27,0.6379585326953748
Pennington,South Dakota,1,0,1,100%,44.003745,-102.8239008,2020-03-16 23:13 EDT,46,103,2.57,0.38910505836575876
Beadle,South Dakota,1,0,0,0%,44.41448462,-98.27810992,2020-03-16 23:13 EDT,46,005,0.62,1.6129032258064517
Charles Mix,South Dakota,1,0,0,0%,43.20747461,-98.57667036,2020-03-16 23:13 EDT,46,023,0.59,1.6949152542372883
Davison,South Dakota,1,0,0,0%,43.67472829,-98.14595897,2020-03-16 23:13 EDT,46,035,0.77,1.2987012987012987
Bon Homme,South Dakota,1,0,0,0%,42.99336042,-97.88666966,2020-03-16 23:13 EDT,46,009,1.54,0.6493506493506493
McCook,South Dakota,1,0,0,0%,43.67430648,-97.3684216,2020-03-16 23:13 EDT,46,087,0.31,3.2258064516129035
Missoula,Montana,3,1,0,0%,46.87278,-113.99625,2020-03-16 23:13 EDT,30,063,3.65,0.8219178082191781
Yellowstone,Montana,2,1,0,0%,45.93711629,-108.2743481,2020-03-16 23:13 EDT,30,111,3.7,0.5405405405405405
Gallatin,Montana,1,0,0,0%,45.54045182,-111.17041090000002,2020-03-16 23:13 EDT,30,031,3.27,0.3058103975535168
Silver Bow,Montana,1,0,0,0%,45.99544,-112.65661,2020-03-16 23:13 EDT,30,093,1,1.0
St. Louis,Missouri,3,1,0,0%,38.62775,-90.19956,2020-03-16 23:13 EDT,29,189,19.33,0.15519917227108124
Greene,Missouri,3,1,0,0%,37.25804025,-93.34201853,2020-03-16 23:13 EDT,29,077,11.28,0.26595744680851063
Henry,Missouri,1,0,0,0%,38.38842154,-93.79668046,2020-03-16 23:13 EDT,29,083,0.23,4.3478260869565215
New Castle,Delaware,8,1,0,0%,39.65977,-75.56394,2020-03-16 23:13 EDT,10,003,17.47,0.4579278763594734
Ada,Idaho,2,0,0,0%,43.45105691,-116.2411338,2020-03-16 23:13 EDT,16,001,11.07,0.18066847335140018
Blaine,Idaho,1,0,0,0%,43.41233465,-113.9798058,2020-03-16 23:13 EDT,16,013,0.26,3.846153846153846
Teton,Idaho,1,0,0,0%,43.75945168,-111.2076444,2020-03-16 23:13 EDT,16,081,0.01,100.0
Sheridan,Wyoming,1,0,0,0%,44.78998512,-106.8795285,2020-03-16 23:13 EDT,56,033,1.04,0.9615384615384615
Sheridan,Wyoming,1,0,0,0%,44.79792,-106.95587,2020-03-16 23:13 EDT,56,033,1.04,0.9615384615384615
Fremont,Wyoming,1,0,0,0%,43.04051864,-108.6304974,2020-03-16 23:13 EDT,56,013,1.04,0.9615384615384615
Ward,North Dakota,1,0,0,0%,48.22168092,-101.5418179,2020-03-16 23:13 EDT,38,101,2.53,0.3952569169960475
Anchorage,Alaska,1,0,0,0%,61.21753,-149.85825,2020-03-16 23:13 EDT,02,020,7.61,0.1314060446780552
Lake,Florida,1,1,0,0%,28.762619734000047,-81.71155351299996,2020-03-16 23:13 EDT,12,069,3.87,0.25839793281653745
Winnebago,Illinois,1,0,0,0%,42.26568000000003,-89.24138999999997,2020-03-16 23:13 EDT,17,201,4.74,0.21097046413502107
Whiteside,Illinois,1,0,0,0%,41.75533495100007,-89.91231676399998,2020-03-16 23:13 EDT,17,195,1.01,0.9900990099009901
Clinton,Illinois,1,0,0,0%,40.148790000000076,-88.96396999999996,2020-03-16 23:13 EDT,17,027,2.07,0.48309178743961356
Peoria,Illinois,1,1,0,0%,40.69236000000007,-89.58798999999998,2020-03-16 23:13 EDT,17,143,4.81,0.2079002079002079
Webb,Texas,1,1,0,0%,32.632630000000056,-97.07417999999996,2020-03-16 23:13 EDT,48,479,3.59,0.2785515320334262
Sampson,North Carolina,1,1,0,0%,34.991607240000064,-78.37157695699995,2020-03-16 23:13 EDT,37,163,0.99,1.0101010101010102
Broadwater,Montana,1,0,0,0%,46.603980000000035,-112.08558999999997,2020-03-16 23:13 EDT,30,007,0.05,20.0
Blue earth,Minnesota,1,1,0,0%,43.64155,-94.09094,2020-03-16 23:13 EDT,27,013,3.94,0.25380710659898476
Virginia Beach City,Virginia,4,0,0,0%,36.74817867,-76.0574891,2020-03-16 23:13 EDT,51,810,9.62,0.4158004158004158
Alexandria City,Virginia,2,0,0,0%,38.81838615,-77.08622964,2020-03-16 23:13 EDT,51,510,1.83,1.0928961748633879
Harrisonburg,Virginia,1,0,0,0%,38.45163,-78.8697,2020-03-16 23:13 EDT,51,660,7.68,0.13020833333333334
Charlottesville City,Virginia,1,1,0,0%,38.03731327,-78.48702109,2020-03-16 23:13 EDT,51,540,2.42,0.4132231404958678
Baltimore City,Maryland,2,1,0,0%,39.30194126,-76.61111168,2020-03-16 23:13 EDT,24,510,26.05,0.07677543186180422
Weber-Morgan,Utah,2,1,0,0%,41.2245943,-111.9703114,2020-03-16 23:13 EDT,49,057,2.72,0.7352941176470588
Washington,District of Columbia,22,5,0,0%,38.89037,-77.03196,2020-03-16 23:13 EDT,11,001,39.63,0.5551349987383295
St. Louis City,Missouri,1,1,0,0%,38.63399181600005,-90.247897987,2020-03-16 23:13 EDT,29,510,11.55,0.08658008658008658
